<?xml version="1.0" encoding="utf-8"?>
<window id="1155">
	<defaultcontrol>999</defaultcontrol>
	<controls>
		<include>background</include>
		<include>fake-overlay</include>
		<control type="label">
			<!-- Settings Label -->
			<left>1170</left>
			<top>30</top>
			<width>465</width>
			<height>45</height>
			<label>$LOCALIZE[24001]</label>
			<font>stouch30</font>
		</control>
		<control type="list" id="999">
			<viewtype label="31941">list</viewtype>
			<left>1017</left>
			<top>174</top>
			<width>840</width>
			<height>825</height>
			<onup>999</onup>
			<ondown>999</ondown>
			<preloaditems>4</preloaditems>
			<pagecontrol>23</pagecontrol>
			<itemlayout width="840" height="84">
				<control type="image">
					<left>0</left>
					<top>0</top>
					<width>840</width>
					<height>84</height>
					<texture border="9">button-default.png</texture>
					<aspectratio>stretch</aspectratio>
				</control>
				<control type="label">
					<left>80</left>
					<top>8</top>
					<width>798</width>
					<height>39</height>
					<font>stouch23</font>
					<textoffsety>6</textoffsety>
					<aligny>top</aligny>
					<label>$INFO[ListItem.Label]</label>
				</control>
			</itemlayout>
			<focusedlayout width="840" height="84">
				<control type="image">
					<left>0</left>
					<top>0</top>
					<width>840</width>
					<height>84</height>
					<texture border="9">button-default-focus.png</texture>
					<aspectratio>stretch</aspectratio>
				</control>
				<control type="label">
					<left>80</left>
					<top>8</top>
					<width>798</width>
					<height>39</height>
					<font>stouch23</font>
					<textoffsety>6</textoffsety>
					<aligny>top</aligny>
					<label>$INFO[ListItem.Label]</label>
				</control>
			</focusedlayout>
			<content>
				<item>
					<!-- Return to Home -->
					<icon>DefaultFolderBack.png</icon>
					<label>..</label>
					<onclick>ReplaceWindow(home)</onclick>
					<visible>$EXP[isEnabledParentDirectory]</visible>
				</item>
				<item>
					<!-- Video Addons -->
					<icon>DefaultAddon.png</icon>
					<label>$LOCALIZE[1037]</label>
					<onclick>ActivateWindow(videos,Addons)</onclick>
				</item>
				<item>
					<!-- Music Addons -->
					<icon>DefaultAddon.png</icon>
					<label>$LOCALIZE[1038]</label>
					<onclick>ActivateWindow(music,addons://sources/audio/)</onclick>
				</item>
				<item>
					<!-- Picture Addons -->
					<icon>DefaultAddon.png</icon>
					<label>$LOCALIZE[1039]</label>
					<onclick>ActivateWindow(pictures,Addons)</onclick>
				</item>
				<item>
					<!-- Program Addons -->
					<icon>DefaultAddon.png</icon>
					<label>$LOCALIZE[1043]</label>
					<onclick>ActivateWindow(programs,Addons)</onclick>
				</item>
				<item>
					<!-- Get More Addons -->
					<icon>DefaultAddon.png</icon>
					<label>$LOCALIZE[21452]</label>
					<onclick>ActivateWindow(addonbrowser,,return)</onclick>
				</item>
			</content>
		</control>
		<control type="group">
			<control type="group">
				<control type="image">
					<!-- list item icon -->
					<left>183</left>
					<top>225</top>
					<width>576</width>
					<height>576</height>
					<texture background="true" fallback="DefaultAddon.png" diffuse="mask-squ.png">$INFO[Container(999).Listitem.ActualIcon]</texture>
					<aspectratio scalediffuse="false">keep</aspectratio>
				</control>
			</control>
		</control>
		<include>touch-controls</include>
		<include>touch-controlstopl</include>
		<include>hora</include>		
	</controls>
</window>