<?xml version="1.0" encoding="utf-8"?>
<window>
	<coordinates>
		<left>507</left>
		<top>3</top>
	</coordinates>
	<controls>
		<visible>String.IsEmpty(Window(home).Property(script.cinemavision.running))</visible>
		<control type="group">
			<animation easing="inout" effect="slide" end="0,0" start="0,-225" time="200" tween="sine">WindowOpen</animation>
			<animation easing="inout" effect="slide" end="0,-225" start="0,0" time="200" tween="sine">WindowClose</animation>
			<control type="image">
				<!-- Dialog background image -->
				<left>0</left>
				<top>0</top>
				<width>906</width>
				<height>141</height>
				<texture border="14">button-menu-background.png</texture>
			</control>
			<control type="image" id="400">
				<left>21</left>
				<top>22</top>
				<width>96</width>
				<height>96</height>
				<texture>DefaultIconInfo.png</texture>
				<aspectratio>keep</aspectratio>
			</control>
			<control type="label" id="401">
				<!-- Caption -->
				<left>120</left>
				<top>15</top>
				<width>768</width>
				<height>33</height>
				<font>stouch22</font>
				<align>center</align>
				<include condition="Skin.HasSetting(text-autoscroll)">scrolltext</include>
			</control>
			<control type="label" id="402">
				<!-- Description -->
				<left>120</left>
				<top>57</top>
				<width>768</width>
				<height>60</height>
				<font>stouch20</font>
				<align>center</align>
				<wrapmultiline>true</wrapmultiline>
				<include condition="Skin.HasSetting(text-autoscroll)">scrolltext</include>
			</control>
		</control>
	</controls>
</window>