<?xml version="1.0" encoding="utf-8"?>
<window>
	<defaultcontrol always="true">100</defaultcontrol>
	<coordinates>
		<left>0</left>
		<top>592</top>
	</coordinates>
	<controls>
		<control type="group">
			<control type="image">
				<!-- Dialog background image -->
				<left>0</left>
				<top>0</top>
				<height>488</height>
				<width>1920</width>
				<texture>colours/black.png</texture>
				<colordiffuse>mask-background</colordiffuse>
			</control>
			<control type="label">
				<!-- Header -->
				<left>50</left>
				<top>15</top>
				<width>860</width>
				<height>38</height>
				<label>$LOCALIZE[31654]</label>
				<aligny>center</aligny>
				<font>stouch23</font>
				<textcolor>listselected-text</textcolor>
			</control>
			<control type="label">
				<!-- Hardware decoding -->
				<left>50</left>
				<top>60</top>
				<width>275</width>
				<height>38</height>
				<label>$LOCALIZE[31655]:</label>
				<aligny>center</aligny>
				<font>stouch18</font>
				<textcolor>white</textcolor>
			</control>
			<control type="label">
				<!-- Hardware decoding value -->
				<left>345</left>
				<top>60</top>
				<width>515</width>
				<height>38</height>
				<label>$LOCALIZE[19074]</label>
				<aligny>center</aligny>
				<font>stouch18</font>
				<textcolor>white</textcolor>
				<visible>Player.Process(videohwdecoder)</visible>
			</control>
			<control type="label">
				<!-- Hardware decoding value -->
				<left>345</left>
				<top>60</top>
				<width>515</width>
				<height>38</height>
				<label>$LOCALIZE[31665]</label>
				<aligny>center</aligny>
				<font>stouch18</font>
				<textcolor>white</textcolor>
				<visible>!Player.Process(videohwdecoder)</visible>
			</control>
			<control type="label">
				<!-- Decoder -->
				<left>50</left>
				<top>98</top>
				<width>275</width>
				<height>38</height>
				<label>$LOCALIZE[31666]:</label>
				<aligny>center</aligny>
				<font>stouch18</font>
				<textcolor>white</textcolor>
			</control>
			<control type="label">
				<!-- Decoder value -->
				<left>345</left>
				<top>98</top>
				<width>515</width>
				<height>38</height>
				<label fallback="1446">$INFO[Player.Process(videodecoder)]$INFO[Player.Process(pixformat),$COMMA ]</label>
				<aligny>center</aligny>
				<font>stouch18</font>
				<textcolor>white</textcolor>
			</control>
			<control type="label">
				<!-- Deinterlace -->
				<left>50</left>
				<top>135</top>
				<width>275</width>
				<height>38</height>
				<label>$LOCALIZE[16038]:</label>
				<aligny>center</aligny>
				<font>stouch18</font>
				<textcolor>white</textcolor>
			</control>
			<control type="label">
				<!-- Deinterlace value -->
				<left>345</left>
				<top>135</top>
				<width>515</width>
				<height>38</height>
				<label fallback="1446">$INFO[Player.Process(deintmethod)]</label>
				<aligny>center</aligny>
				<font>stouch18</font>
				<textcolor>white</textcolor>
			</control>
			<control type="label">
				<!-- Resolution -->
				<left>50</left>
				<top>172</top>
				<width>275</width>
				<height>38</height>
				<label>$LOCALIZE[169]:</label>
				<aligny>center</aligny>
				<font>stouch18</font>
				<textcolor>white</textcolor>
			</control>
			<control type="label">
				<!-- Resolution value -->
				<left>345</left>
				<top>172</top>
				<width>515</width>
				<height>38</height>
				<label fallback="1446">$INFO[Player.Process(videowidth),,x]$INFO[Player.Process(videoheight),, px]$INFO[Player.Process(videodar),$COMMA , AR]$INFO[Player.Process(videofps),$COMMA , FPS]</label>
				<aligny>center</aligny>
				<font>stouch18</font>
				<textcolor>white</textcolor>
			</control>
			<control type="label">
				<!-- Header -->
				<left>50</left>
				<top>218</top>
				<width>860</width>
				<height>38</height>
				<label>$LOCALIZE[31656]</label>
				<aligny>center</aligny>
				<font>stouch23</font>
				<textcolor>listselected-text</textcolor>
			</control>
			<control type="label">
				<!-- Decoder -->
				<left>50</left>
				<top>262</top>
				<width>275</width>
				<height>38</height>
				<label>$LOCALIZE[31666]:</label>
				<aligny>center</aligny>
				<font>stouch18</font>
				<textcolor>white</textcolor>
			</control>
			<control type="label">
				<!-- Decoder value -->
				<left>345</left>
				<top>262</top>
				<width>515</width>
				<height>38</height>
				<label fallback="1446">$INFO[Player.Process(audiodecoder)]$INFO[Player.Process(audiobitspersample),$COMMA , bit]$INFO[Player.Process(audiosamplerate),$COMMA , Hz]</label>
				<aligny>center</aligny>
				<font>stouch18</font>
				<textcolor>white</textcolor>
			</control>
			<control type="label">
				<!-- Channels -->
				<left>50</left>
				<top>300</top>
				<width>275</width>
				<height>38</height>
				<label>$LOCALIZE[19019]:</label>
				<aligny>center</aligny>
				<font>stouch18</font>
				<textcolor>white</textcolor>
			</control>
			<control type="label">
				<!-- Channels value -->
				<left>345</left>
				<top>300</top>
				<width>515</width>
				<height>38</height>
				<label fallback="1446">$INFO[Player.Process(audiochannels)]</label>
				<aligny>center</aligny>
				<font>stouch18</font>
				<textcolor>white</textcolor>
			</control>
			<control type="label">
				<!-- Header -->
				<left>50</left>
				<top>345</top>
				<width>860</width>
				<height>38</height>
				<label>$LOCALIZE[138]</label>
				<aligny>center</aligny>
				<font>stouch23</font>
				<textcolor>listselected-text</textcolor>
			</control>
			<control type="label">
				<!-- CPU -->
				<left>50</left>
				<top>390</top>
				<width>275</width>
				<height>38</height>
				<label>$LOCALIZE[13271]</label>
				<aligny>center</aligny>
				<font>stouch18</font>
				<textcolor>white</textcolor>
			</control>
			<control type="label">
				<!-- CPU value -->
				<left>345</left>
				<top>390</top>
				<width>515</width>
				<height>38</height>
				<label>$INFO[System.CpuUsage]</label>
				<aligny>center</aligny>
				<font>stouch18</font>
				<textcolor>white</textcolor>
			</control>
			<control type="label">
				<!-- Memory -->
				<left>50</left>
				<top>428</top>
				<width>275</width>
				<height>38</height>
				<label>$LOCALIZE[31667]:</label>
				<aligny>center</aligny>
				<font>stouch18</font>
				<textcolor>white</textcolor>
			</control>
			<control type="label">
				<!-- Memory value -->
				<left>345</left>
				<top>428</top>
				<width>515</width>
				<height>38</height>
				<label>$INFO[System.Memory(used.percent)]</label>
				<aligny>center</aligny>
				<font>stouch18</font>
				<textcolor>white</textcolor>
			</control>
		</control>
		<control type="group">
			<visible>VideoPlayer.Content(LiveTV) + system.getbool(pvrplayback.signalquality)</visible>
			<left>960</left>
			<control type="label">
				<!-- Header -->
				<left>50</left>
				<top>15</top>
				<width>860</width>
				<height>38</height>
				<label>$LOCALIZE[19005]</label>
				<aligny>center</aligny>
				<font>stouch23</font>
				<textcolor>listselected-text</textcolor>
			</control>
			<control type="label">
				<!-- Backend -->
				<left>50</left>
				<top>60</top>
				<width>275</width>
				<height>38</height>
				<label>$LOCALIZE[19012]:</label>
				<aligny>center</aligny>
				<font>stouch18</font>
				<textcolor>white</textcolor>
			</control>
			<control type="label">
				<!-- Backend value -->
				<left>345</left>
				<top>60</top>
				<width>518</width>
				<height>38</height>
				<label>$INFO[PVR.ActStreamClient]</label>
				<aligny>center</aligny>
				<font>stouch18</font>
				<textcolor>white</textcolor>
			</control>
			<control type="label">
				<!-- Device -->
				<left>50</left>
				<top>98</top>
				<width>275</width>
				<height>38</height>
				<label>$LOCALIZE[19006]:</label>
				<aligny>center</aligny>
				<font>stouch18</font>
				<textcolor>white</textcolor>
			</control>
			<control type="label">
				<!-- Device value -->
				<left>345</left>
				<top>98</top>
				<width>518</width>
				<height>38</height>
				<label>$INFO[PVR.ActStreamDevice]</label>
				<aligny>center</aligny>
				<font>stouch18</font>
				<textcolor>white</textcolor>
			</control>
			<control type="label">
				<!-- Status -->
				<left>50</left>
				<top>135</top>
				<width>275</width>
				<height>38</height>
				<label>$LOCALIZE[19007]:</label>
				<aligny>center</aligny>
				<font>stouch18</font>
				<textcolor>white</textcolor>
			</control>
			<control type="label">
				<!-- Status value -->
				<left>345</left>
				<top>135</top>
				<width>518</width>
				<height>38</height>
				<label>$INFO[PVR.ActStreamStatus]</label>
				<aligny>center</aligny>
				<font>stouch18</font>
				<textcolor>white</textcolor>
			</control>
			<control type="label">
				<!-- Signal -->
				<left>50</left>
				<top>172</top>
				<width>275</width>
				<height>38</height>
				<label>$LOCALIZE[19008]:</label>
				<aligny>center</aligny>
				<font>stouch18</font>
				<textcolor>white</textcolor>
			</control>
			<control type="progress">
				<!-- Stream signal -->
				<left>345</left>
				<top>185</top>
				<width>410</width>
				<height>18</height>
				<info>PVR.ActStreamProgrSignal</info>
			</control>
			<control type="label">
				<!-- Signal value -->
				<left>775</left>
				<top>172</top>
				<width>270</width>
				<height>38</height>
				<label>$INFO[PVR.ActStreamSignal]</label>
				<aligny>center</aligny>
				<font>stouch18</font>
				<textcolor>white</textcolor>
			</control>
			<control type="label">
				<!-- SNR -->
				<left>50</left>
				<top>210</top>
				<width>275</width>
				<height>38</height>
				<label>$LOCALIZE[19009]:</label>
				<aligny>center</aligny>
				<font>stouch18</font>
				<textcolor>white</textcolor>
			</control>
			<control type="progress">
				<!-- Stream SNR -->
				<left>345</left>
				<top>222</top>
				<width>412</width>
				<height>18</height>
				<info>PVR.ActStreamProgrSNR</info>
			</control>
			<control type="label">
				<!-- SNR value -->
				<left>775</left>
				<top>210</top>
				<width>270</width>
				<height>38</height>
				<label>$INFO[PVR.ActStreamSNR]</label>
				<aligny>center</aligny>
				<font>stouch18</font>
				<textcolor>white</textcolor>
			</control>
			<control type="label">
				<!-- BER -->
				<left>50</left>
				<top>248</top>
				<width>275</width>
				<height>38</height>
				<label>$LOCALIZE[19010]:</label>
				<aligny>center</aligny>
				<font>stouch18</font>
				<textcolor>white</textcolor>
			</control>
			<control type="label">
				<!-- BER value -->
				<left>345</left>
				<top>248</top>
				<width>515</width>
				<height>38</height>
				<label>$INFO[PVR.ActStreamBER]</label>
				<aligny>center</aligny>
				<font>stouch18</font>
				<textcolor>white</textcolor>
			</control>
			<control type="label">
				<!-- UNC -->
				<left>50</left>
				<top>285</top>
				<width>275</width>
				<height>38</height>
				<label>$LOCALIZE[19011]:</label>
				<aligny>center</aligny>
				<font>stouch18</font>
				<textcolor>white</textcolor>
			</control>
			<control type="label">
				<!-- UNC value -->
				<left>345</left>
				<top>285</top>
				<width>515</width>
				<height>38</height>
				<label>$INFO[PVR.ActStreamUNC]</label>
				<aligny>center</aligny>
				<font>stouch18</font>
				<textcolor>white</textcolor>
			</control>
			<control type="label">
				<!-- Service -->
				<left>50</left>
				<top>322</top>
				<width>275</width>
				<height>38</height>
				<label>$LOCALIZE[19099]:</label>
				<aligny>center</aligny>
				<font>stouch18</font>
				<textcolor>white</textcolor>
			</control>
			<control type="label">
				<!-- Service value -->
				<left>345</left>
				<top>322</top>
				<width>515</width>
				<height>38</height>
				<label>$INFO[PVR.ActStreamServiceName]</label>
				<aligny>center</aligny>
				<font>stouch18</font>
				<textcolor>white</textcolor>
			</control>
			<control type="label">
				<!-- Encryption -->
				<left>50</left>
				<top>360</top>
				<width>275</width>
				<height>38</height>
				<label>$LOCALIZE[19015]:</label>
				<aligny>center</aligny>
				<font>stouch18</font>
				<textcolor>white</textcolor>
			</control>
			<control type="label">
				<!-- Encryption value -->
				<left>345</left>
				<top>360</top>
				<width>515</width>
				<height>38</height>
				<label>$INFO[PVR.ActStreamEncryptionName]</label>
				<aligny>center</aligny>
				<font>stouch18</font>
				<textcolor>white</textcolor>
			</control>
			<control type="label">
				<!-- Provider -->
				<left>50</left>
				<top>398</top>
				<width>275</width>
				<height>38</height>
				<label>$LOCALIZE[19101]:</label>
				<aligny>center</aligny>
				<font>stouch18</font>
				<textcolor>white</textcolor>
			</control>
			<control type="label">
				<!-- Provider value -->
				<left>345</left>
				<top>398</top>
				<width>515</width>
				<height>38</height>
				<label>$INFO[PVR.ActStreamProviderName]</label>
				<aligny>center</aligny>
				<font>stouch18</font>
				<textcolor>white</textcolor>
			</control>
			<control type="label">
				<!-- Mux -->
				<left>50</left>
				<top>435</top>
				<width>275</width>
				<height>38</height>
				<label>$LOCALIZE[19100]:</label>
				<aligny>center</aligny>
				<font>stouch18</font>
				<textcolor>white</textcolor>
			</control>
			<control type="label">
				<!-- Mux value -->
				<left>345</left>
				<top>435</top>
				<width>515</width>
				<height>38</height>
				<label>$INFO[PVR.ActStreamMux]</label>
				<aligny>center</aligny>
				<font>stouch18</font>
				<textcolor>white</textcolor>
			</control>
		</control>
	</controls>
</window>