<?xml version="1.0" encoding="utf-8"?>
<window>
	<defaultcontrol always="true">1103</defaultcontrol>
	<onload condition="System.GetBool(gamesgeneral.showosdhelp)">SetFocus(1100)</onload>
	<onload condition="!System.GetBool(gamesgeneral.showosdhelp)">SetFocus(1103)</onload>
	<controls>
		<include>fadebackground</include>
		<control type="group" id="1">
			<visible>!Window.IsActive(1154) + !Window.IsActive(GameVideoFilter) + !Window.IsActive(GameStretchMode) + !Window.IsActive(GameControllers) + !Window.IsActive(GameVideoRotation)</visible>
			<control type="group" id="10">
				<visible>System.GetBool(gamesgeneral.showosdhelp)</visible>
				<defaultcontrol always="true">1103</defaultcontrol>
				<animation effect="fade" time="200">VisibleChange</animation>
				<control type="group" id="1100">
					<control type="textbox" id="1101">
						<!-- Help text</description -->
						<top>30</top>
						<left>30</left>
						<right>30</right>
						<height>130</height>
						<font>stouch20</font>
						<align>center</align>
						<aligny>center</aligny>
					</control>
					<control type="gamecontroller" id="1102">
						<top>170</top>
						<left>640</left>
						<width>640</width>
						<height>640</height>
						<align>center</align>
						<aligny>center</aligny>
					</control>
					<control type="textbox">
						<!-- Additional help text. This will be removed in future versions. -->
						<bottom>160</bottom>
						<left>30</left>
						<right>30</right>
						<height>130</height>
						<font>stouch20</font>
						<align>center</align>
						<aligny>center</aligny>
						<label>$LOCALIZE[35236]</label>
					</control>
					<control type="button">
						<!-- Button to close the dialog -->
						<bottom>30</bottom>
						<left>790</left>
						<width>300</width>
						<height>70</height>
						<font>stouch23</font>
						<align>center</align>
						<aligny>center</aligny>
						<label>$LOCALIZE[186]</label>
						<onclick>SetFocus(1103)</onclick>
						<onclick>Action(close)</onclick>
					</control>
				</control>
			</control>
			<control type="group" id="20">
				<visible>!Window.IsActive(1154) + !Window.IsActive(GameVideoFilter) + !Window.IsActive(GameStretchMode) + !Window.IsActive(GameControllers) + !Window.IsActive(GameVideoRotation) + !Window.IsActive(GameAdvancedSettings) + !System.GetBool(gamesgeneral.showosdhelp)</visible>
				<left>566</left>
				<top>330</top>
				<control type="image">
					<!-- Dialog background -->
					<left>0</left>
					<top>0</top>
					<width>780</width>
					<height>475</height>
					<texture border="14">button-menu-background.png</texture>
				</control>
				<control type="label">
					<!-- Dialog heading -->
					<left>36</left>
					<top>18</top>
					<width>710</width>
					<height>45</height>
					<align>center</align>
					<label>$LOCALIZE[35221]</label>
					<font>stouch25</font>
					<include condition="Skin.HasSetting(text-autoscroll)">scrolltext</include>
				</control>
				<control type="button">
					<!-- Touch Close button -->
					<left>750</left>
					<top>-15</top>
					<width>48</width>
					<height>48</height>
					<texturefocus>touch-close.png</texturefocus>
					<texturenofocus>touch-close.png</texturenofocus>
					<onclick>Dialog.Close(gameosd)</onclick>
					
				</control>
				<control type="image">
					<left>36</left>
					<top>72</top>
					<width>710</width>
					<height>6</height>
					<texture>separator.png</texture>
				</control>
				<control type="group" id="2000">
					<left>36</left>
					<top>0</top>
					<height>400</height>
					<width>710</width>
					<animation effect="fade" time="200">VisibleChange</animation>
					<control type="group">
						<top>80</top>
						<control type="list" id="1103">
							<defaultcontrol always="true">2101</defaultcontrol>
							<height>320</height>
							<orientation>vertical</orientation>
							<pagecontrol>2200</pagecontrol>
							<onright>Play</onright>
							<onleft>Play</onleft>
							<itemlayout condition="!Control.IsVisible(2200)" width="710" height="80">
								<control type="image">
									<left>8</left>
									<top>8</top>
									<width>64</width>
									<height>64</height>
									<info>ListItem.Icon</info>
								</control>
								<control type="label">
									<left>80</left>
									<width>600</width>
									<height>80</height>
									<info>ListItem.Label</info>
									<font>stouch20</font>
									<align>left</align>
									<aligny>center</aligny>
								</control>
								<control type="label">
									<right>20</right>
									<width>600</width>
									<height>80</height>
									<info>ListItem.Label2</info>
									<font>stouch20</font>
									<align>right</align>
									<aligny>center</aligny>
									<textcolor>grey</textcolor>
								</control>
							</itemlayout>
							<itemlayout condition="Control.IsVisible(2200)" width="710" height="80">
								<control type="image">
									<left>8</left>
									<top>8</top>
									<width>64</width>
									<height>64</height>
									<info>ListItem.Icon</info>
								</control>
								<control type="label">
									<left>80</left>
									<width>600</width>
									<height>80</height>
									<info>ListItem.Label</info>
									<font>stouch20</font>
									<align>left</align>
									<aligny>center</aligny>
								</control>
								<control type="label">
									<right>20</right>
									<width>600</width>
									<height>80</height>
									<info>ListItem.Label2</info>
									<font>stouch20</font>
									<align>right</align>
									<aligny>center</aligny>
									<textcolor>grey</textcolor>
								</control>
							</itemlayout>
							<focusedlayout condition="!Control.IsVisible(2200)" width="710" height="80">
								<control type="image">
									<texture border="9">button-default-focus.png</texture>
									<visible>Control.HasFocus(1103)</visible>
								</control>
								<control type="image">
									<left>8</left>
									<top>8</top>
									<width>64</width>
									<height>64</height>
									<info>ListItem.Icon</info>
								</control>
								<control type="label">
									<left>80</left>
									<width>600</width>
									<height>80</height>
									<info>ListItem.Label</info>
									<font>stouch20</font>
									<align>left</align>
									<aligny>center</aligny>
								</control>
								<control type="label">
									<right>20</right>
									<width>600</width>
									<height>80</height>
									<info>ListItem.Label2</info>
									<font>stouch20</font>
									<align>right</align>
									<aligny>center</aligny>
									<textcolor>grey</textcolor>
								</control>
							</focusedlayout>
							<focusedlayout condition="Control.IsVisible(2200)" width="710" height="80">
								<control type="image">
									<texture border="9">button-default-focus.png</texture>
									<visible>Control.HasFocus(1103)</visible>
								</control>
								<control type="image">
									<left>8</left>
									<top>8</top>
									<width>64</width>
									<height>64</height>
									<info>ListItem.Icon</info>
								</control>
								<control type="label">
									<left>80</left>
									<width>600</width>
									<height>80</height>
									<info>ListItem.Label</info>
									<font>stouch20</font>
									<align>left</align>
									<aligny>center</aligny>
								</control>
								<control type="label">
									<right>20</right>
									<width>600</width>
									<height>80</height>
									<info>ListItem.Label2</info>
									<font>stouch20</font>
									<align>right</align>
									<aligny>center</aligny>
									<textcolor>grey</textcolor>
								</control>
							</focusedlayout>
							<content>
								<item id="2101">
									<!-- Pause / Resume button -->
									<label>$LOCALIZE[35224]</label>
									<label2>Select + X</label2>
									<icon>game-play.png</icon>
									<onclick>Play</onclick>
								</item>
								<item id="2102">
									<!-- Reset button -->
									<label>$LOCALIZE[13007]</label>
									<icon>game-reset.png</icon>
									<onclick>PlayerControl(Reset)</onclick>
								</item>
								<item id="2103">
									<!-- Stop button -->
									<label>$LOCALIZE[35222]</label>
									<label2>Select + Start</label2>
									<icon>game-stop.png</icon>
									<onclick>Stop</onclick>
								</item>
								<item id="2108">
									<!-- Settings button -->
									<label>$LOCALIZE[5]</label>
									<icon>game-settings.png</icon>
									<onclick>SetProperty(SelectDialogType,gamesettings,home)</onclick>
									<onclick>ActivateWindow(1154)</onclick>
								</item>
							</content>
						</control>
						<control type="scrollbar" id="2200">
							<top>-10</top>
							<right>0</right>
							<width>12</width>
							<orientation>vertical</orientation>
						</control>
					</control>
				</control>
			</control>
		</control>
	</controls>
</window>
