<?xml version="1.0" encoding="UTF-8" standalone="yes"?>
<addon
	id="context.videotecaplus"
	name="Videoteca Plus"
	version="0.0.6-4"
	provider-name="VPlus">
  <requires>
	<import addon="xbmc.python" version="2.25.0"/>
  </requires>
	<extension point="kodi.context.item">
		<menu id="kodi.core.main">
			<item library="default.py">
				<label>$ADDON[context.videotecaplus 32000]</label>
				<visible>Container.Content(tvshows)|Container.Content(movies)|Container.Content(musicvideos)|!IsEmpty(ListItem.Genre)</visible>
			</item>
			<item library="remove.py">
				<label>$ADDON[context.videotecaplus 33000]</label>
				<visible>Container.Content(tvshows)|Container.Content(movies)|Container.Content(musicvideos)|!IsEmpty(ListItem.Genre)</visible>
			</item>
            <item library="borrador.py">
                <label>$ADDON[context.videotecaplus 34000]</label>
                <visible>Container.Content(tvshows)|Container.Content(movies)|Container.Content(musicvideos)|!IsEmpty(ListItem.Genre)</visible>
            </item>
		</menu>
	</extension>
  <extension point="xbmc.service" library="service.py" />
  <extension point="kodi.addon.metadata">
    <platform>all</platform>
    <summary lang="es">Videoteca Plus genera un STRM de cualquier película o serie</summary>
    <description lang="es">Agradecer a Taifxx por su trabajo y dedicación con su addon addtolib de el cual se a sacado este proyecto, Videoteca Plus Agrega peliculas y series a tu libreria de Kodi. Creando un STRM para cada contenido.</description>
    <forum></forum>
    <source></source>
    <license>GNU GENERAL PUBLIC LICENSE V3</license>
  </extension>
</addon>
