<?xml version="1.0" encoding="UTF-8" standalone="yes"?>
<addon id="plugin.program.kodileiawizard" name="KODILEIA [COLOR gold]WIZARDS[/COLOR]" version="1.5" provider-name="Supertopo y Lou">
  <requires>
    <import addon="xbmc.python" version="2.1.0"/>
  </requires>
  <extension point="xbmc.python.pluginsource" library="default.py">
    <provides>executable</provides>
  </extension>
  <extension point="xbmc.service" library="startup.py" start="startup" />
  <extension point="xbmc.addon.metadata">
    <summary lang="en">KODILEIA [COLOR gold]WIZARDS[/COLOR]</summary>
    <description lang="en">Addon instalador de los wizards Kodileia para Kodi 17 y 18
Fuente: www.kodileia.xyz
Telegram: t.me/kodi18</description>
    <platform>all</platform>
  </extension>
</addon>