﻿<?xml version="1.0" encoding="UTF-8" standalone="yes"?>
<addon id="plugin.video.1x2" name="1x2" version="0.0.13" provider-name="By Teco">
    <requires>
        <import addon="xbmc.python" version="2.1.0"/>
        <import addon="script.module.liveresolver"  />
    </requires>
    <extension point="xbmc.python.pluginsource" library="default.py">
        <provides>video</provides>
    </extension>
    <extension point="xbmc.addon.metadata">
        <description lang="es">1x2: Es un Fork del Addon La Liga</description>
        <disclaimer lang="es">El autor no almacena ni distribuye ninguno de los contenidos que se muestran en este addon. El autor no tiene ninguna afiliación con el proveedor de contenidos.</disclaimer>
        <platform>all</platform>
    </extension>
</addon>
